id,name,price_overview,description,supported_languages,capsule_image,requirements,developers,platforms,categories,genres,dlc
1291170,'Terrordrome - Reign of the Legends',"{'final': 25.99, 'discount_percent': 0, 'range': 'high'}","[Terrordrome Reign Of The Legends is an indie fighting game set in a world where characters from horror literature, urban legends, cryptids, mythology exist within our modern world. This spiritual successor to Terrordrome Rise of the Boogeymen will be the perfect fighting game for all fans of horror.]","['English', 'French', 'German', 'Spanish - Spain', 'Polish', 'Portuguese - Brazil', 'Portuguese - Portugal', 'Russian', 'Simplified Chinese', 'Spanish - Latin America']",https://shared.akamai.steamstatic.com/store_item_assets/steam/apps/1291170/aa16d673b8d80126de87c6289c2f65d4c820d5f7/capsule_231x87.jpg?t=1733162626,"{'PC': 'Minimum:Requires a 64-bit processor and operating systemOS: Windows 10 18363.836Processor: Intel(R) Core(TM) i5-4460 CPU @ 3.20GHz / AMD equivalentMemory: 8 GB RAMGraphics: NVIDIA GeForce GTX 760 / AMD equivalentDirectX: Version 11Network: Broadband Internet connectionStorage: 20 GB available space', 'Mac': 'Minimum:', 'Linux': 'Minimum:'}",['Huracan Studio'],"{'windows': True, 'mac': False, 'linux': False}","['Single-player', 'Multi-player', 'PvP', 'Online PvP', 'Shared/Split Screen PvP', 'Shared/Split Screen', 'Steam Achievements', 'Full controller support', 'Remote Play Together', 'Family Sharing']","['Action', 'Adventure', 'Casual', 'Indie']",False
1291210,'Justice.exe',"{'final': 5.39, 'discount_percent': 60, 'range': 'low'}","[Justice.exe is a dialogue-heavy dystopian legal drama in which you defend sentient AI in court. Discover key story elements in dialogue, build your case by studying arguments, and engage the opposing counsel in wits, charisma and skullduggery. Small choices might alter the fate of your clients.]","['English', 'Simplified Chinese']",https://shared.akamai.steamstatic.com/store_item_assets/steam/apps/1291210/capsule_231x87.jpg?t=1729043412,"{'PC': 'Minimum:OS *: Windows XP or laterProcessor: 1.5 GHz Core2Duo or moreMemory: 2 GB RAMGraphics: Any Graphics Card with 1GB Ram or betterDirectX: Version 11Storage: 500 MB available space', 'Mac': 'Minimum:OS: OS X 10.7 Lion- 2011Processor: 2.4 GHz Intel &quot;Core i5&quot;Memory: 2 GB RAMGraphics: Intel HD Graphics 3000 or betterStorage: 500 MB available space', 'Linux': ''}",['Late Game Clutch'],"{'windows': True, 'mac': True, 'linux': False}","['Single-player', 'Steam Achievements', 'Family Sharing']","['Indie', 'RPG', 'Early Access']",False
1291220,'Crash The Core',"{'final': 5.69, 'discount_percent': 0, 'range': 'low'}","[A sci-fantasy roguelike deckbuilder about building your own starting deck, equipping gadgets, summoning allies, and salvaging cards for different effects. Discover strange events, go fishing and gather Intel to uncover a conspiracy to take over the galaxy!]",['English'],https://shared.akamai.steamstatic.com/store_item_assets/steam/apps/1291220/capsule_231x87.jpg?t=1677350345,"{'PC': 'Minimum:OS *: Windows 7 and AboveProcessor: 1.2 GHZMemory: 4 GB RAMGraphics: 512 MBDirectX: Version 10Storage: 200 MB available space', 'Mac': '', 'Linux': ''}",['Jerome Labelle'],"{'windows': True, 'mac': False, 'linux': False}","['Single-player', 'Multi-player', 'Co-op', 'Shared/Split Screen Co-op', 'Shared/Split Screen', 'Steam Achievements', 'Remote Play Together', 'Family Sharing']","['Adventure', 'Indie', 'RPG', 'Strategy']",False
1291230,'Heaven vs Hell',"{'final': 3.89, 'discount_percent': 0, 'range': 'low'}","[Play as Heaven or Hell in this semi-turn-based action strategy game. Gather your army, Challenge evil monsters, use magic and collect keys on your way to Victory!]","['English', 'German', 'Simplified Chinese', 'Russian', 'Japanese']",https://shared.akamai.steamstatic.com/store_item_assets/steam/apps/1291230/capsule_231x87.jpg?t=1729986331,"{'PC': 'Minimum:OS *: Windows XP (SP3), Windows 7 (SP1), Windows 8, Windows 10Processor: 1,6 GhzMemory: 1000 MB RAMGraphics: 1 Gb VRAM GPUDirectX: Version 10Storage: 600 MB available space', 'Mac': '', 'Linux': ''}",['Neex Games'],"{'windows': True, 'mac': False, 'linux': False}","['Single-player', 'Steam Achievements', 'Partial Controller Support', 'Steam Cloud', 'Family Sharing']","['Casual', 'Indie', 'Strategy']",False
1291240,'Zamboni Simulator 2019',"{'final': 0, 'discount_percent': 0, 'range': 'free'}","[Zamboni Simulator 2019 is a game about existential nihilism, depression, family, love, and ice resurfacing. It is an almost all original game including original art and music, but with recycled junk philosophy.]",['English'],https://shared.akamai.steamstatic.com/store_item_assets/steam/apps/1291240/capsule_231x87.jpg?t=1590491471,"{'PC': 'Minimum:OS *: Windows 7Processor: Intel Core i3Memory: 4 GB RAMGraphics: nVidia GeForece 760Storage: 500 MB available space', 'Mac': 'Minimum:OS: 10.13.6Processor: Core i5Memory: 8 GB RAMGraphics: nVidia GeForce 760', 'Linux': ''}",['Stay Small Studios'],"{'windows': True, 'mac': True, 'linux': False}",['Single-player'],"['Free To Play', 'Indie', 'Simulation']",False
1291250,'故鄉戰爭 HOMETOWN WAR',"{'final': 8.99, 'discount_percent': 0, 'range': 'low'}",[HOMETOWN WAR :The Battle for Sihang Warehouse held out against numerous waves of Imperial Japanese Army and covered National Revolutionary Army retreating west during the Battle of Shanghai.],"['English', 'Simplified Chinese', 'Traditional Chinese']",https://shared.akamai.steamstatic.com/store_item_assets/steam/apps/1291250/capsule_231x87.jpg?t=1604331015,"{'PC': 'Minimum:Requires a 64-bit processor and operating systemOS: Windows 10 64-bitProcessor: Intel Core i5-4440 or equivalentMemory: 16 GB RAMGraphics: GeForce GTX 760 / GeForce GTX 1050 / AMD Radeon RX 570DirectX: Version 11Network: Broadband Internet connectionStorage: 22 GB available spaceSound Card: DirectX Compatible Sound Card', 'Mac': 'Minimum:', 'Linux': 'Minimum:'}",['Coral Dream Studio'],"{'windows': True, 'mac': False, 'linux': False}","['Single-player', 'Multi-player', 'PvP', 'Online PvP', 'LAN PvP', 'Family Sharing']","['Action', 'Indie', 'Massively Multiplayer']",False
1291260,'Night Spasm Chapter 1 Soundtrack (Ver 1.1)',"{'final': 0, 'discount_percent': 0, 'range': 'free'}",[Download the Night Spasm: Chapter 1 soundtrack here for FREE!],['Unknown'],https://shared.akamai.steamstatic.com/store_item_assets/steam/apps/1291260/capsule_231x87.jpg?t=1718912552,"{'PC': 'Minimum:Storage: 861 MB available space', 'Mac': '', 'Linux': ''}",['MasterMoes'],"{'windows': True, 'mac': True, 'linux': True}",[],[],False
1290460,'Light Years Apart',"{'final': 7.79, 'discount_percent': 0, 'range': 'low'}","[A rollicking adventure with pirates, spies, and snarky computers. Trade, sneak, and talk your way past a planetary blockade before it’s too late!]",['English'],https://shared.akamai.steamstatic.com/store_item_assets/steam/apps/1290460/capsule_231x87.jpg?t=1734034549,"{'PC': 'Minimum:Requires a 64-bit processor and operating systemOS *: Windows 7', 'Mac': 'Minimum:OS: 10.13', 'Linux': 'Minimum:OS: Ubuntu 20.04'}",['Choice of Games'],"{'windows': True, 'mac': True, 'linux': True}","['Single-player', 'Steam Achievements', 'Steam Cloud', 'Family Sharing']","['Adventure', 'Casual', 'Indie', 'RPG']",False
1290470,'Light Years Apart Demo',"{'final': 0, 'discount_percent': 0, 'range': 'free'}","[A rollicking adventure with pirates, spies, and snarky computers. Trade, sneak, and talk your way past a planetary blockade before it’s too late!]",['English'],https://shared.akamai.steamstatic.com/store_item_assets/steam/apps/1290470/capsule_231x87.jpg?t=1734034550,"{'PC': 'Minimum:Requires a 64-bit processor and operating systemOS: 7', 'Mac': 'Minimum:OS: 10.9', 'Linux': 'Minimum:OS: Ubuntu 12.04'}",['Choice of Games'],"{'windows': True, 'mac': True, 'linux': True}","['Single-player', 'Game demo', 'Steam Achievements', 'In-App Purchases', 'Steam Cloud']","['Adventure', 'Casual', 'Indie', 'RPG']",False
1290480,'KaveXplorer',"{'final': 3.39, 'discount_percent': 0, 'range': 'low'}",[KaveXplorer is a top-down bullet hell dungeon crawler following a group of Xplorers seeking for the universe crystal.],"['English', 'French', 'Italian', 'German', 'Spanish - Spain', 'Dutch', 'Greek', 'Japanese', 'Polish', 'Russian', 'Swedish', 'Turkish']",https://shared.akamai.steamstatic.com/store_item_assets/steam/apps/1290480/capsule_231x87.jpg?t=1696912766,"{'PC': 'Minimum:OS *: Windows 7 SP1Processor: 2 core processorMemory: 1024 MB RAMGraphics: compatible with OpenGL 3.2Storage: 300 MB available space', 'Mac': '', 'Linux': ''}",['Pete Karesisto'],"{'windows': True, 'mac': False, 'linux': False}","['Single-player', 'Steam Achievements', 'Stats', 'Family Sharing']","['Action', 'Adventure', 'Indie']",False
1290490,'UNBEATABLE [white label]',"{'final': 0, 'discount_percent': 0, 'range': 'free'}",[A young girl learns a song. An exclusive side-story set in the world of D-CELL GAMES' upcoming rhythm-adventure.],['English'],https://shared.akamai.steamstatic.com/store_item_assets/steam/apps/1290490/capsule_231x87.jpg?t=1736770503,"{'PC': 'Minimum:Requires a 64-bit processor and operating systemOS *: Windows 8.1+Processor: an okay processorMemory: 4 GB RAMGraphics: GTX 650 or AMD equivalentDirectX: Version 11Storage: 2 GB available spaceSound Card: nobody buys a sound card anymore. why does steam even list this as a thingAdditional Notes: our game will run on a lot of set-ups but you can change settings if you're struggling to get it running at 60fps.', 'Mac': 'Minimum:', 'Linux': 'Minimum:'}",['D-CELL GAMES'],"{'windows': True, 'mac': False, 'linux': False}","['Single-player', 'Steam Achievements', 'Full controller support', 'Steam Cloud']","['Action', 'Adventure', 'Indie']",False
1290510,'Your Human is Sick',"{'final': 0, 'discount_percent': 0, 'range': 'free'}","[Your Human is Sick and it’s up to you, a Naive T Cell, to solve puzzles, fight off Bacteria and Viruses, and learn about the Immune System. Make your human healthy again in this dungeon crawler adventure!]",['English'],https://shared.akamai.steamstatic.com/store_item_assets/steam/apps/1290510/capsule_231x87.jpg?t=1589552187,"{'PC': 'Minimum:OS: Windows 10 64-bitProcessor: Quad-core Intel or AMD, 2.5GhzMemory: 8 GB RAMGraphics: DirectX 11 or DirectX 12 compatibleDirectX: Version 11Storage: 6 GB available space', 'Mac': '', 'Linux': ''}",['CelleC Games'],"{'windows': True, 'mac': False, 'linux': False}","['Single-player', 'Full controller support']","['Action', 'Adventure', 'Casual', 'Free To Play', 'Indie']",False
1290520,'Paraiso Island Mysterious Stranger',"{'final': 5.69, 'discount_percent': 0, 'range': 'low'}","[A mysterious stranger has appeared on the island, on a mission to find all the colors in the universe! This expansion adds the Mysterious Stranger to your game, along with a new series of quests.]",['English'],https://shared.akamai.steamstatic.com/store_item_assets/steam/apps/1290520/capsule_231x87.jpg?t=1591660144,"{'PC': 'Minimum:OS *: Windows 7 (SP1+) and Windows 10Processor: Celeron G530 2.4Ghz or similarMemory: 4 MB RAMGraphics: Nvidia GT 650M or similar', 'Mac': '', 'Linux': ''}",['One Earth Rising™'],"{'windows': True, 'mac': False, 'linux': False}","['Single-player', 'Downloadable Content', 'Partial Controller Support']","['Casual', 'Indie', 'RPG', 'Simulation', 'Strategy']",True
1290521,'Paraiso Island Day of the Dead Pack',"{'final': 5.69, 'discount_percent': 0, 'range': 'low'}","[Freshen up your look with this collection of colorful items inspired by the Day of the Dead! Includes Day of the Dead flooring, wallpaper, furniture set, home skin and character skin.]",['English'],https://shared.akamai.steamstatic.com/store_item_assets/steam/apps/1290521/capsule_231x87.jpg?t=1591660061,"{'PC': 'Minimum:OS *: Windows 7 (SP1+) and Windows 10Processor: Celeron G530 2.4Ghz or similarMemory: 4 MB RAMGraphics: Nvidia GT 650M or similar', 'Mac': '', 'Linux': ''}",['One Earth Rising™'],"{'windows': True, 'mac': False, 'linux': False}","['Single-player', 'Downloadable Content', 'Partial Controller Support']","['Casual', 'Indie', 'RPG', 'Simulation', 'Strategy']",True
1290530,'Paraiso Island Carnival Pack',"{'final': 5.69, 'discount_percent': 0, 'range': 'low'}","[Celebrate the spirit of Carnivalé with this colorful collection of in-game items. The Carnivale Pack includes two unique chairs, two tables, a bed, and a special Carnivale skin!]",['English'],https://shared.akamai.steamstatic.com/store_item_assets/steam/apps/1290530/capsule_231x87.jpg?t=1591660093,"{'PC': 'Minimum:OS *: Windows 7 (SP1+) and Windows 10Processor: Celeron G530 2.4Ghz or similarMemory: 4 MB RAMGraphics: Nvidia GT 650M or similar', 'Mac': '', 'Linux': ''}",['One Earth Rising™'],"{'windows': True, 'mac': False, 'linux': False}","['Single-player', 'Downloadable Content', 'Partial Controller Support']","['Casual', 'Indie', 'RPG', 'Simulation', 'Strategy']",True
1290531,'Paraiso Island Hotel Expansion',"{'final': 5.69, 'discount_percent': 0, 'range': 'low'}",[Open a hotel on Paraiso Island! Furnish and decorate your cabin to earn coins and help vacationing tourists to have a great time! This DLC includes a new customizable building and additional quests.],['English'],https://shared.akamai.steamstatic.com/store_item_assets/steam/apps/1290531/capsule_231x87.jpg?t=1591660117,"{'PC': 'Minimum:OS *: Windows 7 (SP1+) and Windows 10Processor: Celeron G530 2.4Ghz or similarMemory: 4 MB RAMGraphics: Nvidia GT 650M or similar', 'Mac': '', 'Linux': ''}",['One Earth Rising™'],"{'windows': True, 'mac': False, 'linux': False}","['Single-player', 'Downloadable Content', 'Partial Controller Support']","['Casual', 'Indie', 'RPG', 'Simulation', 'Strategy']",True
1290532,'Paraiso Island Restaurant Expansion',"{'final': 5.69, 'discount_percent': 0, 'range': 'low'}","[Open a restaurant on Paraiso Island! Chop, mix and cook to prepare over twenty recipes, then serve them to guests! Don't let anything burn! This DLC unlocks the restaurant building and cooking mini-game.]",['English'],https://shared.akamai.steamstatic.com/store_item_assets/steam/apps/1290532/capsule_231x87.jpg?t=1591660172,"{'PC': 'Minimum:OS *: Windows 7 (SP1+) and Windows 10Processor: Celeron G530 2.4Ghz or similarMemory: 4 MB RAMGraphics: Nvidia GT 650M or similar', 'Mac': '', 'Linux': ''}",['One Earth Rising™'],"{'windows': True, 'mac': False, 'linux': False}","['Single-player', 'Downloadable Content', 'Full controller support']","['Casual', 'Indie', 'RPG', 'Simulation', 'Strategy']",True
1290550,'Curing Covid',"{'final': 5.69, 'discount_percent': 0, 'range': 'low'}",[Eliminate all viruses by dropping colored vitamins in this 20 level block puzzle game with a Covid-19 theme.],['English'],https://shared.akamai.steamstatic.com/store_item_assets/steam/apps/1290550/capsule_231x87.jpg?t=1590483002,"{'PC': 'Minimum:OS *: Windows 7 (SP1+) and Windows 10Processor: X64 architecture with SSE2 instruction set supportMemory: 2 GB RAMGraphics: DX10, DX11, and DX12-capable GPUsStorage: 500 MB available space', 'Mac': 'Minimum:OS: Sierra 10.12.6+Processor: X64 architecture with SSE2 instruction set supportGraphics: Metal-capable Intel and AMD GPUs', 'Linux': 'Minimum:OS: Ubuntu 16.04, Ubuntu 18.04, and CentOS 7Processor: X64 architecture with SSE2 instruction set supportGraphics: OpenGL 3.2+ or Vulkan-capable, Nvidia and AMD GPUs.'}",['SteelySam'],"{'windows': True, 'mac': False, 'linux': False}","['Single-player', 'Full controller support', 'Family Sharing']","['Casual', 'Indie', 'Strategy']",False
1290580,'Paraiso Island Unbreakable Tools',"{'final': 5.69, 'discount_percent': 0, 'range': 'low'}","[Never worry about wearing out your equipment ever again with this set of unbreakable tools! This download gives you access to a machete, a shovel and a fishing rod that never breaks no matter how much you use them!]",['English'],https://shared.akamai.steamstatic.com/store_item_assets/steam/apps/1290580/capsule_231x87.jpg?t=1591660192,"{'PC': 'Minimum:OS *: Windows 7 (SP1+) and Windows 10Processor: Celeron G530 2.4Ghz or similarMemory: 4 MB RAMGraphics: Nvidia GT 650M or similar', 'Mac': '', 'Linux': ''}",['One Earth Rising™'],"{'windows': True, 'mac': False, 'linux': False}","['Single-player', 'Downloadable Content', 'Partial Controller Support']","['Casual', 'Indie', 'RPG', 'Simulation', 'Strategy']",True
1290590,'Paraiso Island Disaster Relief',"{'final': 5.69, 'discount_percent': 0, 'range': 'low'}","[Bring the playful Nacheline to your island! This expansion adds Nacheline, the raccoon to your island, with new quests. Help Nacheline provide some spirit to Paraiso Island as she builds a parade float! 100% of developer proceeds will be donated in support of disaster relief.]",['English'],https://shared.akamai.steamstatic.com/store_item_assets/steam/apps/1290590/capsule_231x87.jpg?t=1591660031,"{'PC': 'Minimum:OS *: Windows 7 (SP1+) and Windows 10Processor: Celeron G530 2.4Ghz or similarMemory: 4 MB RAMGraphics: Nvidia GT 650M or similar', 'Mac': '', 'Linux': ''}",['One Earth Rising™'],"{'windows': True, 'mac': False, 'linux': False}","['Single-player', 'Downloadable Content', 'In-App Purchases', 'Partial Controller Support']","['Casual', 'Indie', 'Simulation', 'Strategy']",True
1290620,''Member the Alamo? VR EDITION',"{'final': 5.69, 'discount_percent': 0, 'range': 'low'}",['Member the Alamo? is a VR shooter loosely based on the historic battle that birthed Texas. You will fight alongside larger than life heroes as you defend the Alamo from Santa Anna and his Mexican army that outnumber you 100 to 1.],['English'],https://shared.akamai.steamstatic.com/store_item_assets/steam/apps/1290620/capsule_231x87.jpg?t=1599078360,"{'PC': 'Minimum:OS: Windows 10Processor: Core i5-7500 / Ryzen 5 1600Memory: 8 GB RAMGraphics: Nvidia 1060Storage: 7 GB available spaceVR Support: SteamVR or Oculus PC', 'Mac': '', 'Linux': ''}",['Blue Collar Games'],"{'windows': True, 'mac': False, 'linux': False}","['Single-player', 'Tracked Controller Support', 'VR Only', 'Family Sharing']",['Action'],False
1290630,'Brave Alchemist Colette - Official Colette Cosplay by Elizabeth Rage',"{'final': 0, 'discount_percent': 0, 'range': 'free'}","[If you're a fan of Colette from Brave Alchemist Colette by Acerola, don't miss out on this official cosplay of Colette by Elizabeth Rage!]","['English', 'Simplified Chinese']",https://shared.akamai.steamstatic.com/store_item_assets/steam/apps/1290630/capsule_231x87.jpg?t=1725353916,"{'PC': 'Minimum:OS *: Windows® 7/8/8.1/10Storage: 100 MB available space', 'Mac': '', 'Linux': ''}",['Acerola'],"{'windows': True, 'mac': False, 'linux': False}","['Single-player', 'Downloadable Content', 'Family Sharing']","['Indie', 'RPG']",True
1290650,'After Crisis: Snowstorm',unknown,[A game with survival and decryption elements in a frozen world.],"['Simplified Chinese', 'English']",https://shared.akamai.steamstatic.com/store_item_assets/steam/apps/1290650/capsule_231x87.jpg?t=1742194512,"{'PC': 'Minimum:OS *: Windows 7 or LaterProcessor: Dual-Core Intel or AMD processorMemory: 4 GB RAMGraphics: DX9 (shader model 3.0) or DX11 with feature level 9.3 capabilitiesStorage: 700 MB available space', 'Mac': '', 'Linux': ''}",['哆哔科技'],"{'windows': True, 'mac': False, 'linux': False}","['Single-player', 'Family Sharing']","['Adventure', 'Indie', 'RPG', 'Strategy', 'Early Access']",False
1290660,'Garrison: Archangel Soundtrack',"{'final': 4.65, 'discount_percent': 0, 'range': 'low'}","[This is the Garrison: Archangel Original Soundtrack, featuring all of the songs in the game composed by Richard &quot;RE:CHARRED&quot; Nicolas.]",['Unknown'],https://shared.akamai.steamstatic.com/store_item_assets/steam/apps/1290660/capsule_231x87.jpg?t=1588332369,"{'PC': 'Minimum:Storage: 114 MB available spaceStorage (high-quality audio): Additional 1,019 MB available space', 'Mac': '', 'Linux': ''}",['Indigo Entertainment'],"{'windows': True, 'mac': True, 'linux': True}",['Additional High-Quality Audio'],[],False
1290670,'Freedom! Do or Die',"{'final': 6.69, 'discount_percent': 0, 'range': 'low'}",[When terrorism threatens the world there is no need to send a bunch of iconic movie heroes back from the '80s. One under-funded over-powered mercenary is all that's needed to save the world in this epic run 'n' gun destruction-fest of a homage to Broforce!],['English'],https://shared.akamai.steamstatic.com/store_item_assets/steam/apps/1290670/capsule_231x87.jpg?t=1664746703,"{'PC': 'Minimum:OS *: Windows 8/8.1/10 (64bit)Processor: Intel Core2 Duo and 2.0GHz or betterMemory: 4 GB RAMGraphics: DirectX 9/OpenGL 4.1 capable GPUDirectX: Version 9.0Storage: 500 MB available spaceAdditional Notes: The game will run slowly on these specifications', 'Mac': '', 'Linux': ''}",['Julian Henley'],"{'windows': True, 'mac': False, 'linux': False}","['Single-player', 'Partial Controller Support', 'Family Sharing']","['Action', 'Casual', 'Indie']",False
1290680,'SnowFighters',"{'final': 8.99, 'discount_percent': 0, 'range': 'low'}",[Make snowball and Throw to the rivals!! Snowball fight e-sports action game !!],"['Japanese', 'English']",https://shared.akamai.steamstatic.com/store_item_assets/steam/apps/1290680/capsule_231x87.jpg?t=1600570554,"{'PC': 'Minimum:OS *: windows7,8,10Processor: Intel Core2 Duo 2.0GHz 以上Memory: 4 GB RAMGraphics: DirectX 9/OpenGL 4.1 capable GPUStorage: 1 GB available space', 'Mac': '', 'Linux': ''}",['teamTMT'],"{'windows': True, 'mac': False, 'linux': False}","['Single-player', 'Multi-player', 'PvP', 'Shared/Split Screen PvP', 'Shared/Split Screen', 'Full controller support', 'Remote Play Together', 'Family Sharing']","['Action', 'Indie', 'Sports']",False
1290690,'Prison Ball - Playable Character: Cheyenne Storm',unknown,"[Cheyenne Storm, the mother of natural beauty and mother nature has the power to brew storms within the prison walls and stir winds that can move the balls back to her side of the arena. Controlling mother nature has never been more fun but such power always comes with risks.]",['English'],https://shared.akamai.steamstatic.com/store_item_assets/steam/apps/1290690/capsule_231x87.jpg?t=1656154839,"{'PC': 'Minimum:OS *: Windows 7 or higherProcessor: 1 Ghz CPUMemory: 1 GB RAMGraphics: 256 MB graphics card minimumDirectX: Version 11Storage: 150 MB available space', 'Mac': '', 'Linux': ''}",['ZaxtorGameS'],"{'windows': True, 'mac': False, 'linux': False}","['Single-player', 'Multi-player', 'PvP', 'Shared/Split Screen PvP', 'Shared/Split Screen', 'Downloadable Content', 'Steam Achievements', 'Partial Controller Support', 'Remote Play Together', 'Family Sharing']","['Action', 'Casual', 'Indie']",True
1290700,'Prison Ball - PWN'ong! Duel of Balls! Add On',"{'final': 2.59, 'discount_percent': 0, 'range': 'low'}","[&quot;PWN'ong Duel of Balls&quot; is a fun and exciting DLC that completely changes the game to more of a table tennis type of game with multiple balls! The longer a ball stays in play, the more points it is worth making for furious and exciting battles of the balls!]",['English'],https://shared.akamai.steamstatic.com/store_item_assets/steam/apps/1290700/capsule_231x87.jpg?t=1587187779,"{'PC': 'Minimum:OS *: Windows 7 or higherProcessor: 1 Ghz CPUMemory: 2 GB RAMGraphics: 256 MB graphics card minimumDirectX: Version 11Storage: 150 MB available space', 'Mac': '', 'Linux': ''}",['ZaxtorGameS'],"{'windows': True, 'mac': False, 'linux': False}","['Single-player', 'Multi-player', 'PvP', 'Shared/Split Screen PvP', 'Shared/Split Screen', 'Downloadable Content', 'Steam Achievements', 'Partial Controller Support', 'Remote Play Together', 'Family Sharing']","['Action', 'Casual', 'Indie']",True
1290710,'Shiro',"{'final': 12.99, 'discount_percent': 0, 'range': 'medium'}",[Shiro is an adventure platformer in which you have to find your missing sister],"['English', 'Russian']",https://shared.akamai.steamstatic.com/store_item_assets/steam/apps/1290710/capsule_231x87.jpg?t=1718124912,"{'PC': 'Minimum:OS *: Windows 7 and aboveProcessor: 1.2 ghzMemory: 256 MB RAMGraphics: 512 mb video memoryDirectX: Version 10Storage: 256 MB available space', 'Mac': '', 'Linux': ''}",['Game Dynasty'],"{'windows': True, 'mac': False, 'linux': False}","['Single-player', 'Steam Achievements', 'Steam Trading Cards', 'Partial Controller Support', 'Family Sharing']","['Action', 'Adventure', 'Indie']",False
1290720,'Calm Girls',"{'final': 1.19, 'discount_percent': 0, 'range': 'low'}",[This is a classic puzzle leisure game. There are many types of second-order girls. You can also interact with your sister after you put the pieces together (you need to download DLC)],"['English', 'French', 'Italian', 'German', 'Spanish - Spain', 'Danish', 'Russian', 'Bulgarian', 'Hungarian', 'Turkish', 'Greek', 'Norwegian', 'Czech', 'Japanese', 'Polish', 'Thai', 'Ukrainian', 'Swedish', 'Simplified Chinese', 'Traditional Chinese', 'Romanian', 'Finnish', 'Dutch', 'Portuguese - Portugal', 'Portuguese - Brazil', 'Spanish - Latin America', 'Vietnamese', 'Arabic', 'Korean']",https://shared.akamai.steamstatic.com/store_item_assets/steam/apps/1290720/capsule_231x87.jpg?t=1589985219,"{'PC': 'Minimum:Requires a 64-bit processor and operating systemOS *: Windows7/8/10Processor: Intel Core i3Memory: 1 GB RAMGraphics: NVIDIA GefStorage: 300 MB available spaceSound Card: DirectX 11 Sound Device', 'Mac': 'Minimum:', 'Linux': 'Minimum:'}",['ET_Touch'],"{'windows': True, 'mac': False, 'linux': False}","['Single-player', 'Steam Achievements', 'Family Sharing']","['Action', 'Casual', 'Indie']",False
1290730,'Bios Ex Soundtrack',"{'final': 5.69, 'discount_percent': 0, 'range': 'low'}",[Bios Ex - Yami no Wakusei ORIGINAL SOUND TRACK],['Unknown'],https://shared.akamai.steamstatic.com/store_item_assets/steam/apps/1290730/capsule_231x87.jpg?t=1592386333,"{'PC': 'Minimum:Storage: 109 MB available space', 'Mac': '', 'Linux': ''}",['Gogen Soft'],"{'windows': True, 'mac': True, 'linux': True}",[],[],False
1290770,'Mushroom Savior',"{'final': 4.85, 'discount_percent': 0, 'range': 'low'}","[The evil tree kidnapped the mushroom folk and imprisoned them in the dungeon. Help the mushroom king to rescue his people. Make your way through the dangerous dungeon, save the mushrooms and defeat the evil tree!]","['English', 'French', 'Italian', 'German', 'Czech', 'Simplified Chinese', 'Spanish - Latin America', 'Turkish', 'Ukrainian', 'Russian']",https://shared.akamai.steamstatic.com/store_item_assets/steam/apps/1290770/capsule_231x87.jpg?t=1600097344,"{'PC': 'Minimum:OS *: Windows XP / Windows 7 / Windows 8.1 / Windows 10Processor: 1.0 GHzMemory: 512 MB RAMGraphics: 64 MB VRAMDirectX: Version 9.0cStorage: 100 MB available space', 'Mac': '', 'Linux': ''}",['Flying Islands Team'],"{'windows': True, 'mac': False, 'linux': False}","['Single-player', 'Steam Achievements', 'Full controller support', 'Steam Cloud', 'Family Sharing']","['Adventure', 'Indie']",False
1290780,'Residual',"{'final': 27.99, 'discount_percent': 0, 'range': 'high'}","[Explore a forgotten galaxy full of different planets, venture deeper into the planet to mine for rare resources, craft items to fix your ship, and discover ancient secrets and life forms. An exploration (survival) game like no other.. Adventure awaits!]","['English', 'French', 'Italian', 'German', 'Spanish - Spain', 'Danish', 'Japanese', 'Dutch', 'Polish', 'Portuguese - Portugal', 'Russian']",https://shared.akamai.steamstatic.com/store_item_assets/steam/apps/1290780/capsule_231x87.jpg?t=1740043623,"{'PC': 'Minimum:OS *: Windows 7 or higherProcessor: 2.0 ghz Dual CoreMemory: 2 GB RAMGraphics: Intel HD3000 or higher with OpenGL 2.1 supportStorage: 200 MB available spaceSound Card: OpenAL supported sound card', 'Mac': 'Minimum:OS: OSX Lion or newerProcessor: 2.0 ghz Dual CoreMemory: 2 GB RAMGraphics: Intel HD3000 or higher with OpenGL 2.1 supportStorage: 200 MB available spaceSound Card: OpenAL supported sound card', 'Linux': 'Minimum:OS: Ubuntu 12 or newerProcessor: 2.0 ghz Dual CoreMemory: 2 GB RAMGraphics: Intel HD3000 or higher with OpenGL 2.1 supportStorage: 200 MB available spaceSound Card: OpenAL supported sound card'}",['Orangepixel'],"{'windows': True, 'mac': True, 'linux': True}","['Single-player', 'Steam Achievements', 'Full controller support', 'Steam Cloud', 'Family Sharing']","['Action', 'Adventure', 'Indie']",False
1290790,'Yardlings',"{'final': 1.69, 'discount_percent': 50, 'range': 'low'}","[Yardlings is a local multiplayer battle arena about vegetables in a garden! Build an adorable army, place yourself strategically on the battlefield, using special abilities, capturing potted plants (outposts) and big seed-shooting flowers while you try to gain control over the yard!]",['English'],https://shared.akamai.steamstatic.com/store_item_assets/steam/apps/1290790/capsule_231x87.jpg?t=1639497245,"{'PC': 'Minimum:OS *: Windows 7Processor: Dual Core 2 GHzMemory: 4 GB RAMGraphics: DirectX9 compatible with at least 500MB of memoryDirectX: Version 9.0Storage: 200 MB available spaceSound Card: DirectX 9 compatible sound card or integrated sound chip', 'Mac': 'Minimum:OS: OSX 10.9Processor: Dual Core 2GHzMemory: 4 GB RAMGraphics: Intel HD4600Storage: 200 MB available space', 'Linux': ''}",['Sokpop Collective'],"{'windows': True, 'mac': True, 'linux': False}","['Single-player', 'Multi-player', 'Co-op', 'Shared/Split Screen Co-op', 'Shared/Split Screen', 'Steam Achievements', 'Full controller support', 'Remote Play Together', 'Family Sharing']","['Indie', 'Strategy']",False
1290800,'Rock and Girls - Artbook 18+',"{'final': 0.64, 'discount_percent': 50, 'range': 'low'}","[In this DLC you will find 70 wallpapers from the game. They are in the artbook folder in the folder with the game, including those that were not included in the original version. Enjoy]",['English'],https://shared.akamai.steamstatic.com/store_item_assets/steam/apps/1290800/capsule_231x87.jpg?t=1587545974,"{'PC': 'Minimum:OS *: Windows 10, Windows 8, Windows 7 32-bitProcessor: Quad-core Intel or AMD processor, 2 GHz or fasterMemory: 2 GB RAMGraphics: 1 GbDirectX: Version 10Storage: 1 GB available space', 'Mac': '', 'Linux': ''}",['IR Studio'],"{'windows': True, 'mac': False, 'linux': False}","['Single-player', 'Downloadable Content', 'Steam Achievements', 'Family Sharing']","['Casual', 'Indie']",True
1290810,'他人世界末 Demo',"{'final': 0, 'discount_percent': 0, 'range': 'free'}",[],['Simplified Chinese'],https://shared.akamai.steamstatic.com/store_item_assets/steam/apps/1290810/capsule_231x87.jpg?t=1587038797,"{'PC': 'Minimum:OS *: Windows 7 SP1, Windows 8.1, Windows 10Processor: Intel Core i3 2.00 GHz 或 AMD A10Memory: 2 GB RAMGraphics: Intel® HD Graphics 3000DirectX: Version 11Storage: 3 GB available space', 'Mac': '', 'Linux': ''}",['8A studio'],"{'windows': True, 'mac': False, 'linux': False}","['Single-player', 'Game demo']","['Adventure', 'Casual', 'Free To Play', 'Indie', 'RPG', 'Simulation']",False
1290820,'Project Océara',"{'final': 0, 'discount_percent': 0, 'range': 'free'}","[Projet océara is a hardcore platform game, all stage are timed and the difficulty is croissant .]",['English'],https://shared.akamai.steamstatic.com/store_item_assets/steam/apps/1290820/capsule_231x87.jpg?t=1607971260,"{'PC': 'Minimum:OS: Système d'exploitation: Windows® 2000 et +Processor: Processeur: Pentium® IV 2GHz (ou Mac G4 12Ghz)Memory: 512 MB RAMGraphics: Carte graphique: standard.Storage: 250 MB available space', 'Mac': '', 'Linux': ''}",['Indépendant'],"{'windows': True, 'mac': False, 'linux': False}","['Single-player', 'Partial Controller Support']","['Action', 'Free To Play', 'Indie']",False
1290830,'逃出图书馆(Escape from Library)',"{'final': 1.19, 'discount_percent': 0, 'range': 'low'}","[Ming is a normal college student, one day he comes to the library to study , but only to found that the library has become a hell. Fear, trap, death ... The weird factors are everywhere in this library, Can he find the only exit?]",['Simplified Chinese'],https://shared.akamai.steamstatic.com/store_item_assets/steam/apps/1290830/capsule_231x87.jpg?t=1589941013,"{'PC': 'Minimum:OS *: Windows XP or aboveProcessor: Intel® Pentium® 4 2.0 GHz equivalent or faster processorMemory: 512 MB RAMGraphics: GPU supporting OpenGLStorage: 600 MB available spaceSound Card: Additional Notes:', 'Mac': '', 'Linux': ''}",['Unknown Studio'],"{'windows': True, 'mac': False, 'linux': False}","['Single-player', 'Family Sharing']","['Casual', 'Indie', 'RPG']",False
1290840,'Venineth Soundtrack',"{'final': 7.99, 'discount_percent': 0, 'range': 'low'}",[Venineth Original Game Soundtrack],['Unknown'],https://shared.akamai.steamstatic.com/store_item_assets/steam/apps/1290840/capsule_231x87.jpg?t=1587460857,"{'PC': 'Minimum:Storage: 310 MB available spaceStorage (high-quality audio): Additional 852 MB available space', 'Mac': '', 'Linux': ''}",['Venineth Team'],"{'windows': True, 'mac': True, 'linux': True}",['Additional High-Quality Audio'],[],False
1290850,'Kingdom of Corrupts',"{'final': 10.49, 'discount_percent': 0, 'range': 'medium'}","[Kingdom of Corrupts is a 2d side scroller adventure game. The game tells the story of a kingdom ruined by the invasive efforts of bandits and dragon. Henry our hero, embarks on an adventure to save the kingdom and to set queen up back on the throne.]","['English', 'German', 'Turkish', 'Simplified Chinese', 'Russian', 'French', 'Italian', 'Spanish - Spain', 'Danish', 'Japanese', 'Polish', 'Swedish']",https://shared.akamai.steamstatic.com/store_item_assets/steam/apps/1290850/capsule_231x87.jpg?t=1703780620,"{'PC': 'Minimum:OS *: Windows XP/7/8/10Processor: Dual CoreMemory: 1 GB RAMGraphics: DX9 based graphics cardDirectX: Version 9.0cStorage: 1 GB available spaceAdditional Notes: The game can likely run on lower rated hardware, but we can't guarantee the performance or provide support.', 'Mac': '', 'Linux': ''}",['Massoft Games'],"{'windows': True, 'mac': False, 'linux': False}","['Single-player', 'Steam Achievements', 'Full controller support', 'Family Sharing']","['Action', 'Adventure', 'Indie']",False
1290870,'Asura Girls - Artbook 18+',"{'final': 0.64, 'discount_percent': 50, 'range': 'low'}","[In this DLC you will find 70 wallpapers from the game. They are in the artbook folder in the folder with the game, including those that were not included in the original version. Enjoy]",['English'],https://shared.akamai.steamstatic.com/store_item_assets/steam/apps/1290870/capsule_231x87.jpg?t=1587545995,"{'PC': 'Minimum:OS *: Windows 10, Windows 8, Windows 7 32-bitProcessor: Quad-core Intel or AMD processor, 2 GHz or fasterMemory: 2 MB RAMGraphics: 1 GbDirectX: Version 10Storage: 1 GB available space', 'Mac': '', 'Linux': ''}",['IR Studio'],"{'windows': True, 'mac': False, 'linux': False}","['Single-player', 'Downloadable Content', 'Steam Achievements', 'Family Sharing']","['Casual', 'Indie']",True
1290880,'Coloring Game: Girls',"{'final': 16.99, 'discount_percent': 0, 'range': 'medium'}",[Coloring Game: Girls is a game with double anti-stress effect (coloring by numbers plus beautiful girls).],"['English', 'French', 'Italian', 'German', 'Spanish - Spain', 'Arabic', 'Bulgarian', 'Portuguese - Brazil', 'Hungarian', 'Vietnamese', 'Greek', 'Danish', 'Spanish - Latin America', 'Traditional Chinese', 'Simplified Chinese', 'Korean', 'Dutch', 'Norwegian', 'Polish', 'Portuguese - Portugal', 'Romanian', 'Russian', 'Thai', 'Turkish', 'Ukrainian', 'Finnish', 'Czech', 'Swedish', 'Japanese']",https://shared.akamai.steamstatic.com/store_item_assets/steam/apps/1290880/capsule_231x87.jpg?t=1723721869,"{'PC': 'Minimum:OS *: Windows 7Processor: 1000 MHzMemory: 1024 MB RAMGraphics: Hardware support WebGL - OpenGL 2.1 (GPU Memory - 256MB)Storage: 212 MB available space', 'Mac': '', 'Linux': ''}",['L. Stotch'],"{'windows': True, 'mac': False, 'linux': False}","['Single-player', 'Steam Achievements', 'Steam Cloud', 'Family Sharing']","['Casual', 'Indie']",False
1290890,'Synth Riders - Parov Stelar - All Night',"{'final': 1.29, 'discount_percent': 50, 'range': 'low'}","[Marcus Füreder a.k.a. Parov Stelar lives and works in Linz, Austria. The freedom of jazz combined with the groove of house and breakbeat describes the character of Parov Stelar. Parov's productions address the DJ at the club as well as the listener in his easy chair.]",['English'],https://shared.akamai.steamstatic.com/store_item_assets/steam/apps/1290890/capsule_231x87.jpg?t=1637176584,"{'PC': 'Minimum:Requires a 64-bit processor and operating systemOS *: Windows 7/8.1/10 (64bit)Processor: Intel Core i5 Sandy Bridge or equivalentMemory: 4 GB RAMGraphics: Nvidia GTX 960 or equivalentDirectX: Version 10Storage: 4 GB available spaceSound Card: Any', 'Mac': 'Minimum:', 'Linux': 'Minimum:'}",['Kluge Interactive'],"{'windows': True, 'mac': False, 'linux': False}","['Single-player', 'Multi-player', 'PvP', 'Online PvP', 'Cross-Platform Multiplayer', 'Downloadable Content', 'Steam Leaderboards', 'Includes level editor', 'Family Sharing']","['Action', 'Casual', 'Indie']",True
1290910,'Synth Riders - Parov Stelar - Booty Swing',"{'final': 1.29, 'discount_percent': 50, 'range': 'low'}","[Marcus Füreder a.k.a. Parov Stelar lives and works in Linz, Austria. The freedom of jazz combined with the groove of house and breakbeat describes the character of Parov Stelar. Parov's productions address the DJ at the club as well as the listener in his easy chair.]",['English'],https://shared.akamai.steamstatic.com/store_item_assets/steam/apps/1290910/capsule_231x87.jpg?t=1587661484,"{'PC': 'Minimum:Requires a 64-bit processor and operating systemOS *: Windows 7/8.1/10 (64bit)Processor: Intel Core i5 Sandy Bridge or equivalentMemory: 4 GB RAMGraphics: Nvidia GTX 960 or equivalentDirectX: Version 10Storage: 4 GB available spaceSound Card: Any', 'Mac': 'Minimum:', 'Linux': 'Minimum:'}",['Kluge Interactive'],"{'windows': True, 'mac': False, 'linux': False}","['Single-player', 'Multi-player', 'PvP', 'Online PvP', 'Cross-Platform Multiplayer', 'Downloadable Content', 'Steam Leaderboards', 'Includes level editor', 'Family Sharing']","['Action', 'Casual', 'Indie']",True
1290911,'Synth Riders - Jamie Berry - Lost In The Rhythm',"{'final': 1.29, 'discount_percent': 50, 'range': 'low'}","[Jamie Berry found a musical home for the past six years in Leeds, UK; with his main focus on honing 20s and 30s swing influences into House and Electro genres. Jamie Berry is recognized for his musical couplet of shuffling modern beats and vintage swing sounds.]",['English'],https://shared.akamai.steamstatic.com/store_item_assets/steam/apps/1290911/capsule_231x87.jpg?t=1587661366,"{'PC': 'Minimum:Requires a 64-bit processor and operating systemOS *: Windows 7/8.1/10 (64bit)Processor: Intel Core i5 Sandy Bridge or equivalentMemory: 4 GB RAMGraphics: Nvidia GTX 960 or equivalentDirectX: Version 10Storage: 4 GB available spaceSound Card: Any', 'Mac': 'Minimum:', 'Linux': 'Minimum:'}",['Kluge Interactive'],"{'windows': True, 'mac': False, 'linux': False}","['Single-player', 'Multi-player', 'PvP', 'Online PvP', 'Cross-Platform Multiplayer', 'Downloadable Content', 'Steam Leaderboards', 'Includes level editor', 'Family Sharing']","['Action', 'Casual', 'Indie']",True
1289990,'Alan's Automaton Workshop',"{'final': 17.49, 'discount_percent': 0, 'range': 'medium'}","[Alan's Automaton Workshop is an open-ended programming puzzle game. Start a new business with Alan Turing and his groundbreaking innovation: the Turing Machine. Build unique automatons, and solve all kinds of problems from clients.]","['English', 'Traditional Chinese', 'Russian', 'Simplified Chinese']",https://shared.akamai.steamstatic.com/store_item_assets/steam/apps/1289990/capsule_231x87.jpg?t=1729058717,"{'PC': 'Minimum:OS *: Windows 7 SP1Processor: 2.0 GHzMemory: 4 GB RAMGraphics: 1GB VRAMDirectX: Version 10Storage: 2 GB available space', 'Mac': 'Minimum:OS: Sierra 10.12Processor: 2.0 GHzMemory: 4 GB RAMGraphics: 1GB VRAMStorage: 2 GB available space', 'Linux': 'Minimum:OS: Ubuntu 16.04Processor: 2.0 GHzMemory: 4 GB RAMGraphics: 1GB VRAMStorage: 2 GB available space'}",['Laputa Labs'],"{'windows': True, 'mac': True, 'linux': True}","['Single-player', 'Steam Achievements', 'Steam Trading Cards', 'Steam Cloud', 'Family Sharing']",['Simulation'],False
1290000,'PowerWash Simulator',"{'final': 23.44, 'discount_percent': 30, 'range': 'medium'}","[Release the Pressure with PowerWash Simulator! Wash away your worries with the soothing sounds of high-pressure water. Fire up your power washer and blast away every speck of dirt and grime you can find, all with the simple satisfaction of power-washing to a sparkling finish.]","['English', 'Korean', 'Russian', 'French', 'German', 'Spanish - Spain', 'Japanese', 'Simplified Chinese', 'Traditional Chinese', 'Italian', 'Turkish', 'Portuguese - Brazil']",https://shared.akamai.steamstatic.com/store_item_assets/steam/apps/1290000/9d9f1f777477c1b7286f153be8f9e317eeabbfd3/capsule_231x87.jpg?t=1741886898,"{'PC': 'Minimum:Requires a 64-bit processor and operating systemOS *: Windows 8 (64-bit) or newerProcessor: Intel i5-760 (4*2800), AMD Phenom IIMemory: 4 GB RAMGraphics: GeForce GTX 760, AMD R7-260XDirectX: Version 11Storage: 6 GB available spaceAdditional Notes: Requires a 64-bit processor and operating system', 'Mac': 'Minimum:', 'Linux': 'Minimum:'}",['FuturLab'],"{'windows': True, 'mac': False, 'linux': False}","['Single-player', 'Multi-player', 'Co-op', 'Online Co-op', 'Cross-Platform Multiplayer', 'Steam Achievements', 'Full controller support', 'Steam Trading Cards', 'Steam Cloud', 'Family Sharing']","['Casual', 'Indie', 'Simulation']",False
1290010,'Spacefighter Rukia',"{'final': 1.19, 'discount_percent': 0, 'range': 'low'}","[Jump into the cockpit with Rukia, a space pilot mercenary, and follow her story to save the galaxy in this top-down 2d Space shooter]",['English'],https://shared.akamai.steamstatic.com/store_item_assets/steam/apps/1290010/capsule_231x87.jpg?t=1588677202,"{'PC': 'Minimum:OS *: Windows 7 (SP1+) and Windows 10Processor: x86, x64 architecture with SSE2 instruction set support.Graphics: DX10, DX11, DX12 capable.Storage: 1500 MB available space', 'Mac': '', 'Linux': ''}",['AstroMonkey'],"{'windows': True, 'mac': False, 'linux': False}","['Single-player', 'Partial Controller Support', 'Family Sharing']","['Action', 'Indie', 'RPG']",False
1290020,'SCAR Demo',"{'final': 0, 'discount_percent': 0, 'range': 'free'}","[Created by Savage Studios, S.C.A.R is a retro-like demon killing game, where the enemies have one goal, to see your demise. Difficulty is not forgiving, your survival is almost impossible...]",['English'],https://shared.akamai.steamstatic.com/store_item_assets/steam/apps/1290020/capsule_231x87.jpg?t=1594833722,"{'PC': 'Minimum:Requires a 64-bit processor and operating systemOS *: Windows 7 64-bit or laterProcessor: 2.5 GHz or fasterMemory: 4 GB RAMGraphics: Intel HD 4400DirectX: Version 12Storage: 5 GB available space', 'Mac': 'Minimum:', 'Linux': 'Minimum:'}",['Savage Studios'],"{'windows': True, 'mac': False, 'linux': False}","['Single-player', 'Game demo', 'Steam Achievements', 'Steam Leaderboards']","['Action', 'Adventure', 'Indie']",False
1290030,'The Flower Collectors - Soundtrack',"{'final': 3.39, 'discount_percent': 0, 'range': 'low'}",[This soundtrack is an original composition by Florian Spies for the game The Flower Collectors.],['Unknown'],https://shared.akamai.steamstatic.com/store_item_assets/steam/apps/1290030/capsule_231x87.jpg?t=1590491052,"{'PC': 'Minimum:Storage: 55 MB available spaceStorage (high-quality audio): Additional 230 MB available space', 'Mac': '', 'Linux': ''}",["Mi'pu'mi Games GmbH"],"{'windows': True, 'mac': True, 'linux': True}",['Additional High-Quality Audio'],[],False
1290040,'Intemporel',"{'final': 6.69, 'discount_percent': 0, 'range': 'low'}","[Players control a Guardian who takes the decision to leave the monastry to try to understand what is happening to this collapsing world and why not, try to invert the trend and preserve the world from the evil that is corroding it. Among all the possbilities, will you succeed to find your way ?]","['English', 'French']",https://shared.akamai.steamstatic.com/store_item_assets/steam/apps/1290040/capsule_231x87.jpg?t=1662285950,"{'PC': 'Minimum:OS *: Windows 7Processor: 1.2GHz processorMemory: 1 GB RAMDirectX: Version 9.0Storage: 2 GB available space', 'Mac': '', 'Linux': ''}",['Flying Butter'],"{'windows': True, 'mac': False, 'linux': False}","['Single-player', 'Steam Achievements', 'Full controller support', 'Steam Cloud', 'Family Sharing']","['Adventure', 'Indie']",False
1290060,'ANNO RIN',unknown,"[Take fast, campaign-based arcade gameplay with next-gen graphics for an experience known since Star Fox: Barrel-roll, maneuver and fight your way thru deep space and Rogue Squadron-like planet-based missions as the leader of the rebellion]","['English', 'Simplified Chinese']",https://shared.akamai.steamstatic.com/store_item_assets/steam/apps/1290060/capsule_231x87.jpg?t=1726834403,"{'PC': 'Minimum:Requires a 64-bit processor and operating systemOS *: Windows 7 SP1 64-Bit or laterProcessor: Intel Core I5-4590 / AMD Ryzen 5-1400Memory: 8 GB RAMGraphics: NVDIA GTX 960 / AMD Radeon R9 280DirectX: Version 10Storage: 8 GB available space', 'Mac': 'Minimum:OS: MAC OS X 10.13.4Processor: 2.3 Intelcore i5 or betterMemory: 8 GB RAMGraphics: 2GB Nvidia 680MX, 2GB AMD R9 M290, 1.5GB Intel Iris Graphics 540 or betterStorage: 8 GB available space', 'Linux': 'Minimum:'}",['ThinkingStars'],"{'windows': True, 'mac': True, 'linux': False}","['Single-player', 'Full controller support', 'Family Sharing']","['Action', 'Adventure', 'Simulation']",False
1290070,'Hot And Lovely 3',"{'final': 2.59, 'discount_percent': 0, 'range': 'low'}","[This is an interesting leisure origami game, which can exercise your hands-on ability. In the game, you must fold the paper as much as possible into the specified cute graphics in the specified origami times. The game is very challenging from easy to difficult.]","['English', 'French', 'German', 'Spanish - Spain', 'Russian', 'Japanese', 'Simplified Chinese', 'Traditional Chinese', 'Spanish - Latin America', 'Korean']",https://shared.akamai.steamstatic.com/store_item_assets/steam/apps/1290070/capsule_231x87.jpg?t=1740040443,"{'PC': 'Minimum:OS *: windows7/8/10Processor: Intel Core i5Memory: 4 GB RAMStorage: 3 GB available space', 'Mac': '', 'Linux': ''}",['Lovely Games'],"{'windows': True, 'mac': False, 'linux': False}","['Single-player', 'Steam Achievements', 'Steam Trading Cards', 'Steam Cloud', 'Family Sharing']",[],False
1290090,'The Wicked Days',"{'final': 22.79, 'discount_percent': 0, 'range': 'medium'}","[The Wicked Days is an action-packed shooter set in a godforsaken wilderness in a small town of Beavercity. Inexplicable events will be echoes of the difficult past. Why is everyone against you? Arm yourself to the teeth, jump in a car and move out to explore a dangerous world in search of answers.]","['English', 'Russian']",https://shared.akamai.steamstatic.com/store_item_assets/steam/apps/1290090/capsule_231x87.jpg?t=1639401526,"{'PC': 'Minimum:Requires a 64-bit processor and operating systemOS *: Windows 7, 8, 10 64 bitProcessor: Intel Core i5-4210U CPU @ 1.70GHzMemory: 8 GB RAMGraphics: GeForce 840, VRAM 2GbStorage: 12 GB available spaceSound Card: DirectX Compatible', 'Mac': 'Minimum:', 'Linux': 'Minimum:'}",['Alien Intelligence UAB'],"{'windows': True, 'mac': False, 'linux': False}","['Single-player', 'Full controller support', 'Family Sharing']","['Action', 'Adventure', 'Indie', 'Early Access']",False
1290100,'Draginsanity',"{'final': 6.69, 'discount_percent': 0, 'range': 'low'}",[Welcome to the magical realm Draginsanity. It is full of dragons! And it is totally insane! Not your usual type of platformer: The dragon can fly and spit fire - but only inside the mana fields.],['English'],https://shared.akamai.steamstatic.com/store_item_assets/steam/apps/1290100/capsule_231x87.jpg?t=1706563146,"{'PC': 'Minimum:OS *: Windows 7Processor: 1.3 GHzMemory: 4 GB RAMGraphics: GeForce 500 seriesDirectX: Version 11Storage: 60 MB available spaceAdditional Notes: The game will only try to detect a controller when it is started.', 'Mac': '', 'Linux': ''}",['Gerd Mömken'],"{'windows': True, 'mac': False, 'linux': False}","['Single-player', 'Partial Controller Support', 'Family Sharing']","['Action', 'Indie']",False
1290110,'Ginseng Hero',"{'final': 1.69, 'discount_percent': 50, 'range': 'low'}","[A challenging action-adventure game about bugs with blades. Play as a beetle in a miniature world, find a weapon, and beat other insects in melee combat!]",['English'],https://shared.akamai.steamstatic.com/store_item_assets/steam/apps/1290110/capsule_231x87.jpg?t=1726497850,"{'PC': 'Minimum:OS *: Windows 7Processor: Dual Core 2 GHzMemory: 4 GB RAMGraphics: DirectX9 compatible with at least 500MB of memoryDirectX: Version 9.0Storage: 200 MB available spaceSound Card: DirectX9 compatible sound card or integrated sound chip', 'Mac': 'Minimum:OS: OSX 10.9Processor: Dual Core 2 GHzMemory: 4 GB RAMGraphics: Intel HD 4600Storage: 200 MB available space', 'Linux': ''}","['Sokpop Collective', 'Tom van den Boogaart']","{'windows': True, 'mac': True, 'linux': False}","['Single-player', 'Steam Achievements', 'Full controller support', 'Family Sharing']","['Action', 'Adventure', 'Indie']",False
1290160,'DOUDY',"{'final': 2.29, 'discount_percent': 0, 'range': 'low'}","[Dare you play this game? Doudy and disturbing, dark and horrible. A realistic puzzle simulator with photorealistic graphics]","['English', 'French']",https://shared.akamai.steamstatic.com/store_item_assets/steam/apps/1290160/capsule_231x87.jpg?t=1588070836,"{'PC': 'Minimum:Requires a 64-bit processor and operating systemOS *: Windows 7/8/VISTA/10 64(bit)Processor: Quad core ou équivalentMemory: 8 GB RAMGraphics: GTX 1060 ou équivalentDirectX: Version 10Storage: 3 GB available space', 'Mac': 'Minimum:', 'Linux': 'Minimum:'}",['Egea Game'],"{'windows': True, 'mac': False, 'linux': False}","['Single-player', 'Partial Controller Support', 'Family Sharing']","['Action', 'Adventure', 'Indie', 'Simulation']",False
1290170,'Titan Chaser',"{'final': 6.49, 'discount_percent': 0, 'range': 'low'}","[Car. Foggy night. Mystical landscapes. And if you want to work - titans. Titan Chaser is a surreal driving and walking experience, where your job is to scout giant creatures and use the light to drive them off without fighting or killing.]","['English', 'Russian', 'Ukrainian', 'German', 'Italian', 'Simplified Chinese', 'Spanish - Latin America', 'Spanish - Spain']",https://shared.akamai.steamstatic.com/store_item_assets/steam/apps/1290170/capsule_231x87.jpg?t=1742386806,"{'PC': 'Minimum:Requires a 64-bit processor and operating systemOS: 7 or better 64-bitProcessor: Intel Core i3Memory: 8 GB RAMGraphics: GTX 670Storage: 3 GB available space', 'Mac': 'Minimum:', 'Linux': 'Minimum:'}",['Stas Shostak'],"{'windows': True, 'mac': False, 'linux': False}","['Single-player', 'Steam Achievements', 'Steam Trading Cards', 'Partial Controller Support', 'Family Sharing']","['Adventure', 'Casual', 'Indie', 'Simulation']",False
